0.000000000000000000e+00,0.000000000000000000e+00,0.000000000000000000e+00,0.000000000000000000e+00,0.000000000000000000e+00,0.000000000000000000e+00
0.000000000000000000e+00,0.000000000000000000e+00,0.000000000000000000e+00,0.000000000000000000e+00,0.000000000000000000e+00,0.000000000000000000e+00
0.000000000000000000e+00,2.572373401307293580e-03,-2.873681287925141520e-03,3.013078866178489157e-04,3.184119254997154762e-22,-1.134231774971437219e-18
-6.572727814456600176e-07,7.718942813711148279e-03,-8.626011617989037816e-03,9.071174081838543745e-04,-6.572727814456589588e-07,-4.860390596712212446e-08
-4.603481235017614751e-06,1.544145411596396442e-02,-1.726169851536941968e-02,1.819779457786689083e-03,-4.604000321726331691e-06,4.643743619482761607e-07
-1.644948743730468270e-05,2.574122419241852561e-02,-2.878403677620240339e-02,3.039998928187271753e-03,-1.645364257200056260e-05,2.818508058980682041e-06
-4.278898314721321487e-05,3.861847763479654000e-02,-4.319275489090149134e-02,4.565342103793945672e-03,-4.280613268454391075e-05,8.972899617043802488e-06
-9.219883333479327492e-05,5.407137350717061003e-02,-6.048086295520214983e-02,6.388057561083288274e-03,-9.224978937521623808e-05,2.157435707233564505e-05
-1.752329038064336575e-04,7.209473130151322628e-02,-8.063052852765539846e-02,8.492230481760901922e-03,-1.753567148897212523e-04,4.396100900012164683e-05
-3.044051564075432722e-04,9.267848059002167793e-02,-1.036080529054634186e-01,1.085032190092227733e-02,-3.046674568971440358e-04,8.015774790134455943e-05
-4.941571420454688715e-04,1.158058834019001226e-01,-1.293580940347089925e-01,1.341919439311480521e-02,-4.946600560304840284e-04,1.348590913598628487e-04
-7.608050147219034155e-04,1.414516123120563018e-01,-1.577973851342165945e-01,1.613579491011033623e-02,-7.616985898128937268e-04,2.133946900694343174e-04
-1.122462227448544226e-03,1.695798082131772799e-01,-1.888083238017828902e-01,1.891274975137186357e-02,-1.123957357379724853e-03,3.216730920015642122e-04
-1.598936551091642826e-03,2.001422833663951684e-01,-2.222329372717716800e-01,2.163421443200598190e-02,-1.601319326262198167e-03,4.661008091002065380e-04
-2.211604209489863651e-03,2.330770666338581876e-01,-2.578678348062320436e-01,2.415239246419748770e-02,-2.215251613271549541e-03,6.534764453252363790e-04
-2.983269582593380854e-03,2.683074943650427535e-01,-2.954607967926814460e-01,2.628516513239507330e-02,-2.988666431471964126e-03,8.908635900169599702e-04
-3.938025326197538110e-03,3.057420180633717566e-01,-3.347095806740464918e-01,2.781523255265216585e-02,-3.945782337841537840e-03,1.185450897270691126e-03
-5.101133481760297336e-03,3.452748209881309482e-01,-3.752633221012185438e-01,2.849103906821640400e-02,-5.112006351747985441e-03,1.544412327099431523e-03
-6.498951417892230575e-03,3.867872156487357493e-01,-4.167265872732054954e-01,2.802955079106918268e-02,-6.513860797395912110e-03,1.974783668212500443e-03
-8.158925697996319629e-03,4.301496544574447412e-01,-4.586657463901429033e-01,2.612070634985080506e-02,-8.178977993621695808e-03,2.483372023966957508e-03
-1.010967160769641986e-02,4.752240607763671409e-01,-5.006169811182055174e-01,2.243313267557706450e-02,-1.013618057011591786e-02,3.076712337885368666e-03
-1.238114694022469930e-02,5.218661123901384702e-01,-5.420950082516511337e-01,1.662056767958981773e-02,-1.241565606569810729e-02,3.761079625324473697e-03
-1.500491788288760286e-02,5.699271060819077750e-01,-5.826015601945543354e-01,8.328400459485466728e-03,-1.504922371352043764e-02,4.542558633546481262e-03
-1.801450520640790476e-02,6.192551001931450028e-01,-6.216328126149511801e-01,-2.800172080327333404e-03,-1.807068167176086385e-02,5.427165873541066159e-03
-2.144579277262638126e-02,6.696951503602620592e-01,-6.586852339024374947e-01,-1.711870234150817544e-02,-2.151621675824207450e-02,6.421013804403933808e-03
-2.533747892511521368e-02,7.210885899204567684e-01,-6.932596619368411872e-01,-3.497289585143299045e-02,-2.542485727609900339e-02,7.530504091041282516e-03
-2.973155477508207176e-02,7.732714312646644661e-01,-7.248637082679267873e-01,-5.669682455148876421e-02,-2.983895294162867626e-02,8.762536103569810303e-03
-3.467380125771596378e-02,8.260720599535333886e-01,-7.530127961361735567e-01,-8.260980248600469089e-02,-3.480467376404015878e-02,1.012471736387744389e-02
-4.021430862535602807e-02,8.793084556878562053e-01,-7.772302425003279058e-01,-1.130137366769382867e-01,-4.037253149579896061e-02,1.162556344859937835e-02
-4.640803774656569042e-02,9.327852092070090251e-01,-7.970468100027252589e-01,-1.481907860080333705e-01,-4.659794295592414176e-02,1.327467505763351395e-02
-5.331546277284406748e-02,9.862906220401134183e-01,-8.120001116327615343e-01,-1.884012218127501526e-01,-5.354187470563931406e-02,1.508287901973714290e-02
-6.100336036380219623e-02,1.039594186317544633e+00,-8.216341799707046478e-01,-2.338814638011976477e-01,-6.127163417169113890e-02,1.706231775556296681e-02
-6.954584251563725172e-02,1.092444751067943143e+00,-8.254994414258397528e-01,-2.848423435717972185e-01,-6.986190415302545587e-02,1.922646825082375416e-02
-7.902576793055025861e-02,1.144569692832375418e+00,-8.231532861833554815e-01,-3.414677065311321202e-01,-7.939615551908753288e-02,2.159006714007059152e-02
-8.953670839122467029e-02,1.195675423475589971e+00,-8.141614173623327178e-01,-4.039134827630832536e-01,-8.996861439575519481e-02,2.416891325350804115e-02
-1.011856850102862276e-01,1.245449588850845890e+00,-7.981002222341261332e-01,-4.723073165449283017e-01,-1.016869984624962503e-01,2.697951285340667929e-02
-1.140969091762799870e-01,1.293565343994133476e+00,-7.745605670247776020e-01,-5.467487154371134528e-01,-1.146762567845538150e-01,3.003852515752253316e-02
-1.284167312640605574e-01,1.339688144730374786e+00,-7.431537199374279590e-01,-6.273094282402847943e-01,-1.290835155783843224e-01,3.336195521078151593e-02
-1.443198440359992341e-01,1.383485586536364664e+00,-7.035206087607730474e-01,-7.140333454436960103e-01,-1.450842757240251024e-01,3.696402564111932187e-02
-1.620163456865194862e-01,1.424640954030048645e+00,-6.553463582459227998e-01,-8.069346004119835047e-01,-1.628894652437186952e-01,4.085563680666084302e-02
-1.817581807303627062e-01,1.462871270163935034e+00,-5.983829670890135066e-01,-9.059917465402113068e-01,-1.827518626104071842e-01,4.504229981830903951e-02
-2.038409696760004608e-01,1.497950539314154561e+00,-5.324836850278589218e-01,-1.011135076119801690e+00,-2.049678997492386801e-01,4.952142004236579492e-02
-2.285917682261482953e-01,1.529737943940205014e+00,-4.576518978291048700e-01,-1.122223972980127771e+00,-2.298653871651351599e-01,5.427888990095641047e-02
-2.563224352929309169e-01,1.558207609994191722e+00,-3.741021821519835977e-01,-1.239013280214029900e+00,-2.577568562695621290e-01,5.928530167172196830e-02
-2.872110944049158787e-01,1.583469304010701073e+00,-2.823170208362917322e-01,-1.361114856793654848e+00,-2.888210566645331712e-01,6.449308089343587513e-02
-3.210641992967758762e-01,1.605759599449459563e+00,-1.830602266247313703e-01,-1.487973634430630465e+00,-3.228652390244967640e-01,6.983782179576623894e-02
-3.569720250169786113e-01,1.625389613807407763e+00,-7.731141446741128520e-02,-1.618881101931355149e+00,-3.589811800377904483e-01,7.524890706005078755e-02
-3.931104420042256242e-01,1.642702939839836285e+00,3.379513807115641644e-02,-1.752996364686973507e+00,-3.953475938402800094e-01,8.067004888037083987e-02
-4.271954100227179918e-01,1.658192102879338270e+00,1.487551504246586997e-01,-1.889247828687717679e+00,-4.296843169092212089e-01,8.607370045668781555e-02
-4.575702303909806590e-01,1.672769068875601395e+00,2.652018515778976626e-01,-2.026109506718066999e+00,-4.603375481023463944e-01,9.144747335558209289e-02
-4.838464124063613370e-01,1.687815919164059375e+00,3.798618761948362454e-01,-2.161612090518050255e+00,-4.869188487106575480e-01,9.676822673584802026e-02
-5.065299477043592180e-01,1.704825983756157237e+00,4.893368734625267447e-01,-2.293780372433578574e+00,-5.099318309373042091e-01,1.019999627637183381e-01
-5.263624438986909126e-01,1.724983845954234596e+00,5.909804006356493833e-01,-2.421103559532043814e+00,-5.301149401018531160e-01,1.071107488502858751e-01
-5.439767519432946452e-01,1.748995397017625075e+00,6.832103876020431121e-01,-2.542680624450340598e+00,-5.480981963572111315e-01,1.120839716403749520e-01
-5.598311414126713181e-01,1.777139076368930315e+00,7.653379550377282792e-01,-2.658095260913275304e+00,-5.643376859156886693e-01,1.169183860508671430e-01
-5.742419935745558535e-01,1.809391687802521798e+00,8.372525747467172152e-01,-2.767220035056479954e+00,-5.791481958591259138e-01,1.216234962377557988e-01
-5.874267702957226556e-01,1.845540958472323245e+00,8.991618101823548592e-01,-2.870063364163255137e+00,-5.927460463553368974e-01,1.262151236638946739e-01
-5.995362512990460857e-01,1.885263228990953888e+00,9.514274948447257740e-01,-2.966679997513195666e+00,-6.052812094488418948e-01,1.307124099091235003e-01
-6.106763269265592653e-01,1.928172315931343750e+00,9.944770707970337353e-01,-3.057129205439866215e+00,-6.168590131290756506e-01,1.351359806449365930e-01
-6.209227951293088132e-01,1.973850038665515116e+00,1.028760818454218962e+00,-3.141461318455344376e+00,-6.275548711360758869e-01,1.395067867260445238e-01
-6.303317331728663930e-01,2.021866229500758561e+00,1.054733743836100857e+00,-3.219718829933023940e+00,-6.374246010087682990e-01,1.438452959286345423e-01
-6.389469411597964443e-01,2.071792821241902782e+00,1.072849440262864773e+00,-3.291943782637764659e+00,-6.465118230577374669e-01,1.481708748359819305e-01
-6.468052817747581562e-01,2.123214368856149115e+00,1.083559040415920549e+00,-3.358186830243384602e+00,-6.548532629799499460e-01,1.525013031700076238e-01
-6.539403932257736862e-01,2.175736079079851226e+00,1.087311784258590430e+00,-3.418515545625783858e+00,-6.624824348231963533e-01,1.568524113780025431e-01
-6.603850974357260428e-01,2.228989781984925589e+00,1.084555613856811096e+00,-3.473020813437471155e+00,-6.694320265015095694e-01,1.612378465710350706e-01
-6.661727679633635546e-01,2.282638017688865428e+00,1.075737211327306930e+00,-3.521820890960232209e+00,-6.757352522853833365e-01,1.656689682216269666e-01
-6.713379027954078371e-01,2.336376351833401088e+00,1.061301408480877839e+00,-3.565063168784448067e+00,-6.814264168845278746e-01,1.701548645507363344e-01
-6.759161331216285706e-01,2.389934064373474776e+00,1.041690134478584051e+00,-3.602923925224114310e+00,-6.865409212406766715e-01,1.747024702300847554e-01
-6.799438761715349555e-01,2.443073412638463004e+00,1.017341152718526542e+00,-3.635606505539264788e+00,-6.911149167997727716e-01,1.793167594577843027e-01
-6.834578060678621059e-01,2.495587717401395622e+00,9.886868391794750854e-01,-3.663338404875050802e+00,-6.951847808051075939e-01,1.840009866251436366e-01
-6.864942757949378249e-01,2.547298545918270651e+00,9.561532113601266536e-01,-3.686367717936601451e+00,-6.987865443810180599e-01,1.887569490160524444e-01
-6.890887819832338668e-01,2.598052267092793688e+00,9.201593528299248925e-01,-3.704959359412316466e+00,-7.019553639929100308e-01,1.935852508280338224e-01
-6.912755274238475689e-01,2.647716236202822149e+00,8.811173062900343744e-01,-3.719391374089589419e+00,-7.047250903531229183e-01,1.984855537452062946e-01
-6.930871069714876764e-01,2.696174837645940237e+00,8.394324348319736062e-01,-3.729951558094830144e+00,-7.071279598601223348e-01,2.034568051077149664e-01
-6.945543215003696647e-01,2.743325581488232245e+00,7.955041800448492406e-01,-3.736934512933739239e+00,-7.091944129040037570e-01,2.084974396409221276e-01
-6.957061110073561316e-01,2.789075419188818294e+00,7.497270783122313986e-01,-3.740639159178208661e+00,-7.109530299926050123e-01,2.136055543784884936e-01
-6.965695901576666182e-01,2.833337419270452795e+00,7.024918346411531678e-01,-3.741366651759532758e+00,-7.124305689970942268e-01,2.187790587835243272e-01
-6.971701656857511864e-01,2.876027925670624263e+00,6.541862000320766146e-01,-3.739418568016962929e+00,-7.136520830384193159e-01,2.240158032602222460e-01
-6.975317134487580839e-01,2.917064307884499108e+00,6.051953604315311042e-01,-3.735095187563051589e+00,-7.146410970005302454e-01,2.293136894479892995e-01
-6.976767923705525787e-01,2.956363397911381252e+00,5.559015336623555070e-01,-3.728693655882602709e+00,-7.154198201624928366e-01,2.346707651152306617e-01
-6.976268723460957721e-01,2.993840687521597044e+00,5.066824999342700586e-01,-3.720505829229102446e+00,-7.160093723319054249e-01,2.400853053445785035e-01
-6.974025533085561612e-01,3.029410323110793168e+00,4.579088764034288106e-01,-3.710815644621463960e+00,-7.164300010452826495e-01,2.455558802768271209e-01
-6.970237535147438823e-01,3.062985879281324486e+00,4.099400953256501778e-01,-3.699895949520997096e+00,-7.167012682884390529e-01,2.510814082596027341e-01
-6.965098474204345358e-01,3.094481816831185839e+00,3.631192522026017167e-01,-3.688004855849717600e+00,-7.168421875080631667e-01,2.566611921836615129e-01
-6.958797380223609164e-01,3.123815445167005489e+00,3.177672261162710621e-01,-3.675381833345662930e+00,-7.168712961442157416e-01,2.622949364431574892e-01
-6.951518555111076969e-01,3.150909131327038093e+00,2.741766874798988729e-01,-3.662243894601790561e+00,-7.168066557754957380e-01,2.679827425824228837e-01
-6.943440829533465974e-01,3.175692450668137212e+00,2.326067355269547110e-01,-3.648782308124132623e+00,-7.166657806843044209e-01,2.737250833125771110e-01
-6.934736190386943111e-01,3.198103977190165814e+00,1.932788970481918722e-01,-3.635160273047667978e+00,-7.164655047803910604e-01,2.795227568980760968e-01
-6.925567956826381710e-01,3.218092470959851958e+00,1.563750533586495683e-01,-3.621511889232425396e+00,-7.162218044037962361e-01,2.853768263447861719e-01
-6.916088726603764059e-01,3.235617324792452898e+00,1.220375774946332592e-01,-3.607942579869569677e+00,-7.159495987931107086e-01,2.912885496869886404e-01
-6.906438315764453773e-01,3.250648256039799566e+00,9.037163137224968334e-02,-3.594530916452466140e+00,-7.156625500977710219e-01,2.972593084499867144e-01
-6.896741877419154676e-01,3.263164341118665046e+00,6.144927778551862591e-02,-3.581331611621631161e+00,-7.153728811257290543e-01,3.032905408949739812e-01
-6.887108323550217293e-01,3.273152566524414109e+00,3.531486858412775237e-02,-3.568379324691585808e+00,-7.150912229482995208e-01,3.093836851616174610e-01
-6.877629105677046661e-01,3.280606101115624007e+00,1.199110188638074712e-02,-3.555692882998299442e+00,-7.148264978029263972e-01,3.155401353934869091e-01
-6.868377350908938528e-01,3.285522485350284239e+00,-8.514817867739731677e-03,-3.543279549935655304e+00,-7.145858369301342217e-01,3.217612118850825542e-01
-6.859407307983979019e-01,3.287901897618610736e+00,-2.620537211796599916e-02,-3.531139042857399435e+00,-7.143745288842101582e-01,3.280481446165032788e-01
-6.850754034941204385e-01,3.287745611433454673e+00,-4.108759018394786411e-02,-3.519267093101671851e+00,-7.141959916216193971e-01,3.344020684266409971e-01
-6.842433252954174261e-01,3.285054712451182191e+00,-5.316876901339943895e-02,-3.507658424239359807e+00,-7.140517609853748171e-01,3.408240275189222124e-01
-6.834441294433912795e-01,3.279829108445365460e+00,-6.245313687323166690e-02,-3.496309090455797630e+00,-7.139414885630691598e-01,3.473149868841635124e-01
-6.826755082805894270e-01,3.272066841097410972e+00,-6.893947998730227955e-02,-3.485218160370158191e+00,-7.138629428126469501e-01,3.538758484146303229e-01
-6.819332092659639022e-01,3.261763695287935416e+00,-7.261971639528129463e-02,-3.474388753895373494e+00,-7.138120084592276537e-01,3.605074698370347441e-01
-6.812110250065546158e-01,3.248913097368787639e+00,-7.347839257235035115e-02,-3.463828445125046507e+00,-7.137826802538699278e-01,3.672106850126354294e-01
-6.805007742866466813e-01,3.233506296111546607e+00,-7.149308792838283966e-02,-3.453549037728174564e+00,-7.137670481646426479e-01,3.739863245837649064e-01
-6.797922719726926521e-01,3.215532826236303876e+00,-6.663573290701636787e-02,-3.443565705772293040e+00,-7.137552719460553696e-01,3.808352363663799478e-01
-6.790732865272306462e-01,3.194981262470176553e+00,-5.887487149633559291e-02,-3.433895476679577730e+00,-7.137355438639696459e-01,3.877583052999212243e-01
-6.783294847650011006e-01,3.171840279951420705e+00,-4.817892235220123942e-02,-3.424555018369749959e+00,-7.136940392241749587e-01,3.947564731845909503e-01
-6.775443645176147944e-01,3.146100042324600832e+00,-3.452050776736900750e-02,-3.415557684109579828e+00,-7.136148553485258672e-01,4.018307588814682973e-01
-6.766991770996521049e-01,3.117753939462123203e+00,-1.788191841074727312e-02,-3.406909771591163594e+00,-7.134799408201255577e-01,4.089822801358942161e-01
-6.757728428830308554e-01,3.086800689142667586e+00,1.738245766927305758e-03,-3.398605973921071222e+00,-7.132690181714802513e-01,4.162122787052454642e-01
-6.747418647627949628e-01,3.053246797378218691e+00,2.431728334805615885e-02,-3.390624047137603458e+00,-7.129595045948512455e-01,4.235221509941085039e-01
-6.735802455265862410e-01,3.017109336579284928e+00,4.979958733903856738e-02,-3.382918798987525566e+00,-7.125264364129428873e-01,4.309134868438121435e-01
-6.722594155679828543e-01,2.978418946982932081e+00,7.808713933093430759e-02,-3.375415621422771739e+00,-7.119424034274948188e-01,4.383881193548306299e-01
-6.707481761997050596e-01,2.937222896196691302e+00,1.090298352437155255e-01,-3.368003941480854024e+00,-7.111774980859063566e-01,4.459481884526719786e-01
-6.690126600613206520e-01,2.893587952801999208e+00,1.424164268533342770e-01,-3.360531135247276868e+00,-7.101992807505929095e-01,4.535962201315422160e-01
-6.670163029489908357e-01,2.847602760876654315e+00,1.779670891361088969e-01,-3.352797602315039871e+00,-7.089727554380512720e-01,4.613352217671384814e-01
-6.647198106252339977e-01,2.799379370699024872e+00,2.153287433256307615e-01,-3.344553780212085048e+00,-7.074603400419812171e-01,4.691687915879459991e-01
-6.620810907962857428e-01,2.749053617916427328e+00,2.540741871132298213e-01,-3.335499829138421912e+00,-7.056218022461128170e-01,4.771012376313424341e-01
-6.590551069678500795e-01,2.696784170487419807e+00,2.937057400071305668e-01,-3.325288493481945551e+00,-7.034141194722210999e-01,4.851376989340897006e-01
-6.555936008612800459e-01,2.642750274495583085e+00,3.336635107781154574e-01,-3.313531252418119077e+00,-7.007912117024357457e-01,4.932842602140859456e-01
-6.516446267171410733e-01,2.587148483638439966e+00,3.733376487460517423e-01,-3.299807380530036305e+00,-6.977034929305347966e-01,5.015480517437019836e-01
-6.471518450934864441e-01,2.530188878862795754e+00,4.120832554161755201e-01,-3.283675081981312527e+00,-6.940971912149914713e-01,5.099373289076821747e-01
-6.420535329810878045e-01,2.472091396549085385e+00,4.492362272739728879e-01,-3.264683579298746974e+00,-6.899133961965558948e-01,5.184615307967102016e-01
-6.362812750658364269e-01,2.413082840568793852e+00,4.841283083932642062e-01,-3.242385016135090225e+00,-6.850868005990579102e-01,5.271313232307848207e-01
-6.297583001312642148e-01,2.353394965142978190e+00,5.161000358312640701e-01,-3.216345261564415026e+00,-6.795441013494447624e-01,5.359586378195109191e-01
-6.223974102569866940e-01,2.293263739822933633e+00,5.445109080513814703e-01,-3.186153083497146543e+00,-6.732020102012027385e-01,5.449567244538853217e-01
-6.140984143952586960e-01,2.232929620951060734e+00,5.687467898360882845e-01,-3.151427558903156179e+00,-6.659647891201713188e-01,5.541402400948329809e-01
-6.047449199939461950e-01,2.172638415312827309e+00,5.882251206890842798e-01,-3.111823903937977587e+00,-6.577211702136812610e-01,5.635254025121714250e-01
-5.942002553407897958e-01,2.112642156678731453e+00,6.023988467370432476e-01,-3.067038094404861415e+00,-6.483404424550042178e-01,5.731302442999597346e-01
-5.823021902480269851e-01,2.053199317566729132e+00,6.107601706178668044e-01,-3.016810723304014452e+00,-6.376673868457667371e-01,5.829750096426045136e-01
-5.688559949596789789e-01,1.994573621572031552e+00,6.128452884246454735e-01,-2.960930562198156313e+00,-6.255156190749517897e-01,5.930827412098410578e-01
-5.536252385417127497e-01,1.937030678144510354e+00,6.082413509466890744e-01,-2.899238322709400961e+00,-6.116587650169889034e-01,6.034800997761470276e-01
-5.363196221690861298e-01,1.880831614542231023e+00,5.965970222520954325e-01,-2.831631209770670399e+00,-5.958187904592492368e-01,6.141984274950079703e-01
-5.165791990612366158e-01,1.826222839171212087e+00,5.776382293447334115e-01,-2.758069044452124086e+00,-5.776508543382633531e-01,6.252749692330838993e-01
-4.939548999158919207e-01,1.773421114145190769e+00,5.511908833166536681e-01,-2.678582963445461207e+00,-5.567245845630881540e-01,6.367539223200695542e-01
-4.678872505574270813e-01,1.722593492769668444e+00,5.172120429038482570e-01,-2.593287745445277626e+00,-5.325035320471349642e-01,6.486864171543368363e-01
-4.376906991607504294e-01,1.673833070422111158e+00,4.758288725130697117e-01,-2.502397995989401824e+00,-5.043297982289839387e-01,6.611272834225562223e-01
-4.025648966246884730e-01,1.627135550930046470e+00,4.273775912900589780e-01,-2.406245061492342074e+00,-4.714340604882912289e-01,6.741239139734301888e-01
-3.616854346103290929e-01,1.582391635749061498e+00,3.724158507398778739e-01,-2.305282183431804910e+00,-4.330208922908597713e-01,6.876881209443780341e-01
-3.144817940654090482e-01,1.539429827828135089e+00,3.116438102109770347e-01,-2.200045734899632510e+00,-3.885320631310686945e-01,7.017373468393134361e-01
-2.612505289504173933e-01,1.498164220160491666e+00,2.456267758111974064e-01,-2.091017180412692689e+00,-3.382296009754234278e-01,7.159995567398345084e-01
-2.040648887153809765e-01,1.458857929890127414e+00,1.742854166725823772e-01,-1.978363149080547112e+00,-2.840642099013284128e-01,7.299319860589157383e-01
-1.471888675408643821e-01,1.422285499330032454e+00,9.654926452603729281e-02,-1.861746554348412852e+00,-2.300781921268454100e-01,7.428147339345420042e-01
-9.564611947423302951e-02,1.389361657024527741e+00,1.103292052139340229e-02,-1.740656763714366617e+00,-1.810546490880370341e-01,7.541230184321049412e-01
-5.256756857652854220e-02,1.360336980525884032e+00,-8.236576710294393755e-02,-1.615244340376042809e+00,-1.399937742908519689e-01,7.638449614389266618e-01
-1.819235119027160646e-02,1.334410299927998311e+00,-1.816177983470214641e-01,-1.486792982646810923e+00,-1.071498429383459794e-01,7.723579713006758496e-01
8.986009075072649149e-03,1.310047487867936011e+00,-2.831731254021390698e-01,-1.357407675920749179e+00,-8.111104022486356757e-02,7.801121764077919574e-01
3.083029874536952902e-02,1.285537018703214907e+00,-3.831264036309884879e-01,-1.229378929942350984e+00,-6.011883294775739739e-02,7.874640658331956145e-01
4.888392415704401195e-02,1.259413871213430847e+00,-4.781346295081423392e-01,-1.104670827418678059e+00,-4.271275721886129417e-02,7.946562799864630433e-01
6.423926090942827516e-02,1.230657715571647826e+00,-5.658406906495072608e-01,-9.846862882320059907e-01,-2.785810164195250474e-02,8.018440188454053486e-01
7.761844114268441619e-02,1.198702916409699615e+00,-6.448691468686342798e-01,-8.702797162872849546e-01,-1.487070399936295077e-02,8.091231809079962867e-01
8.948838422989376096e-02,1.163348899595201269e+00,-7.146002336724841530e-01,-7.618965917830408108e-01,-3.308406084759815333e-03,8.165512596093411624e-01
1.001518727398578862e-01,1.124649593807548476e+00,-7.749097531994620924e-01,-6.597277452697196676e-01,7.115169101905233565e-03,8.241614296652715055e-01
1.098082757804804133e-01,1.082821313426421739e+00,-8.259656934774896042e-01,-5.638248859364853871e-01,1.658819887943423221e-02,8.319716123543865471e-01
1.185917024494838184e-01,1.038177353682683490e+00,-8.680962499485115336e-01,-4.741704011353208292e-01,2.523687919348160252e-02,8.399901805223922713e-01
1.265948012834273162e-01,9.910844484612566507e-01,-9.017131017445060293e-01,-3.907128219413973369e-01,3.314803746934065487e-02,8.482195548367189586e-01
1.338838620251230627e-01,9.419340707089924880e-01,-9.272699376559029316e-01,-3.133812018980219882e-01,4.038349502077390879e-02,8.566585222671260214e-01
1.405086201050295691e-01,8.911231515585265051e-01,-9.452411743967589208e-01,-2.420882651780592865e-01,4.698940137393251698e-02,8.653037819442587208e-01
1.465087197093312699e-01,8.390408012463199672e-01,-9.561113867155753843e-01,-1.767285321853117597e-01,5.300239418682366893e-02,8.741510084066694830e-01
1.519179680289552137e-01,7.860590795774904382e-01,-9.603700220582913616e-01,-1.171749807601460136e-01,5.845365786607814584e-02,8.831955939819824408e-01
1.567670680047755782e-01,7.325267393301675423e-01,-9.585085049297712434e-01,-6.327610801465011203e-02,6.337153203904585808e-02,8.924331612023679305e-01
1.610852798776840622e-01,6.787653238131701183e-01,-9.510183040163054935e-01,-1.485423041531941379e-02,6.778309687264567895e-02,9.018598996620030839e-01
1.649013319140807121e-01,6.250672080190666779e-01,-9.383893417420358096e-01,2.829474476641626046e-02,7.171503967248973876e-02,9.114727641624861265e-01
1.682438220854736988e-01,5.716952506776379339e-01,-9.211085418126530033e-01,6.640018256473642633e-02,7.519403320818644765e-02,9.212695628660879654e-01
1.711412970067801020e-01,5.188837457189878766e-01,-8.996585010832769402e-01,9.971449329486503643e-02,7.824680391522415013e-02,9.312489600546711710e-01
1.736221495600778209e-01,4.668403669328074490e-01,-8.745163361255260392e-01,1.285101499471752451e-01,8.090002562984867363e-02,9.414104151830807732e-01
1.757144380357757996e-01,4.157488081419927761e-01,-8.461527503378137860e-01,1.530762732553571370e-01,8.318013777759276917e-02,9.517540770551229379e-01
1.774456965930440999e-01,3.657718392941645691e-01,-8.150313290450870163e-01,1.737150540430415224e-01,8.511315535124962250e-02,9.622806488875609299e-01
1.788427796671314962e-01,3.170545260804557008e-01,-7.816080188462017908e-01,1.907382074133475436e-01,8.672451192849969792e-02,9.729912369435321784e-01
1.799317617427428628e-01,2.697273939648819896e-01,-7.463306967908800438e-01,2.044635726915095264e-01,8.803895655191670833e-02,9.838871926181205207e-01
1.807378982674700263e-01,2.239093536987738498e-01,-7.096386938912979669e-01,2.152118985556636388e-01,8.908051017592003018e-02,9.949699556080332519e-01
1.812856425883803968e-01,1.797102425565410000e-01,-6.719621129939463700e-01,2.233037931949411747e-01,8.987247682372398461e-02,1.006240904235014444e+00
1.815987066964367402e-01,1.372328733000902357e-01,-6.337207790758617731e-01,2.290567808565189267e-01,9.043749768298230129e-02,1.017701218115094841e+00
1.817001493805980861e-01,9.657452216048705018e-02,-5.953226853731082846e-01,2.327823928022343114e-01,9.079763226762063710e-02,1.029351758031992414e+00
1.816124734830749932e-01,5.782782922958656924e-02,-5.571618539422956706e-01,2.347832339858592354e-01,9.097444887280899117e-02,1.041192967827921034e+00
1.813577139382643866e-01,2.108113013341875869e-02,-5.196156126637198058e-01,2.353500048424317925e-01,9.098910649819157148e-02,1.053224803039076507e+00
1.809575000058365468e-01,-1.358171467186829878e-02,-4.830413944212652577e-01,2.347585142983042716e-01,9.086241205745455851e-02,1.065446690532211971e+00
1.804330784711089264e-01,-4.608188122749180132e-02,-4.477732730060944299e-01,2.332667845649332716e-01,9.061483993491099842e-02,1.077857522267684942e+00
1.798052893683406706e-01,-7.634638539358876153e-02,-4.141185428745378094e-01,2.311124057656926967e-01,9.026650558568111160e-02,1.090455684409037396e+00
1.790944915193990461e-01,-1.043089586618686782e-01,-3.823547032030282233e-01,2.285103332806830978e-01,8.983709045343388211e-02,1.103239120438433529e+00
1.783204411246967214e-01,-1.299108280799456394e-01,-3.527272027617243677e-01,2.256513205682927903e-01,8.934572127128982688e-02,1.116205424084380615e+00
1.775021318820536043e-01,-1.531012569767574993e-01,-3.254482350073414354e-01,2.227011406059891396e-01,8.881081192606485319e-02,1.129351955254904505e+00
1.766576087941054973e-01,-1.738377485984855253e-01,-3.006967522720838115e-01,2.198006756633082703e-01,8.824987967422578961e-02,1.142675970343105751e+00
1.758037694280016328e-01,-1.920858718973953161e-01,-2.786197177966464600e-01,2.170668626654462252e-01,8.767934908118951709e-02,1.156174757618744220e+00
1.749561658643589701e-01,-2.078187263546044106e-01,-2.593344652923364468e-01,2.145943892978425804e-01,8.711435656300867136e-02,1.169845769037522354e+00
1.741288183380775012e-01,-2.210161104965249479e-01,-2.429319157277314567e-01,2.124579620889567311e-01,8.656856624927679322e-02,1.183686741479188287e+00
1.733340483560408540e-01,-2.316634900136412267e-01,-2.294803276395321889e-01,2.107149232601108479e-01,8.605400476230043449e-02,1.197695802736521875e+00
1.725823356609594017e-01,-2.397508743343866600e-01,-2.190292343573462530e-01,2.094079807522489511e-01,8.558091918497123807e-02,1.211871560018663585e+00
1.718822004326301389e-01,-2.452717076421348508e-01,-2.116132412922224482e-01,2.085678306269213855e-01,8.515765958908041999e-02,1.226213170874122627e+00
1.712401099543198191e-01,-2.482218666254188966e-01,-2.072554044445022725e-01,2.082154838076729353e-01,8.479058538576772497e-02,1.240720398007675085e+00
1.706604077374188344e-01,-2.485988381696325744e-01,-2.059699721203644140e-01,2.083641500048166728e-01,8.448399355387335719e-02,1.255393650360044688e+00
1.701452627130810302e-01,-2.464011301570005474e-01,-2.077643332352608341e-01,2.090205727640449818e-01,8.424006642483639062e-02,1.270234013075210777e+00
1.696946363833111981e-01,-2.416279502194662032e-01,-2.126400703380692259e-01,2.101857462713313529e-01,8.405883697825500267e-02,1.285243268713339049e+00
1.693062665655831189e-01,-2.342791715734785785e-01,-2.205930615670631811e-01,2.118549755298572423e-01,8.393817032600747741e-02,1.300423911423270962e+00
1.689756673679215782e-01,-2.243555914156301345e-01,-2.316126151735710681e-01,2.140172681417719935e-01,8.387376104359281492e-02,1.315779154910868165e+00
1.686961461220657654e-01,-2.118594743374984379e-01,-2.456796575940026484e-01,2.166540711855630130e-01,8.385914707612608654e-02,1.331312934059373010e+00
1.684588390175667527e-01,-1.967953590624943461e-01,-2.627640368301630280e-01,2.197373942076842612e-01,8.388574194386838601e-02,1.347029899099192685e+00
1.682527679437113566e-01,-1.791710899955103742e-01,-2.828210519605372508e-01,2.232273923474407118e-01,8.394288772652323816e-02,1.362935400416565246e+00
1.680649213529660513e-01,-1.589990149222400284e-01,-3.057873794647391064e-01,2.270695237754369322e-01,8.401793161515637431e-02,1.379035461579215083e+00
1.678803615742689714e-01,-1.362972674582185462e-01,-3.315766361500328552e-01,2.311914420050313057e-01,8.409632845526970879e-02,1.395336738103720720e+00
1.676823596971399877e-01,-1.110910302519214632e-01,-3.600748897027619688e-01,2.354998316914937440e-01,8.416177043857080153e-02,1.411846460050211416e+00
1.674525567675422266e-01,-8.341365737301356664e-02,-3.911364879312779763e-01,2.398774377335068375e-01,8.419634278538677685e-02,1.428572357811304316e+00
1.671711466189507445e-01,-5.330752832546014480e-02,-4.245806083202729453e-01,2.441805601114674651e-01,8.418070092674280469e-02,1.445522572455878674e+00
1.668170715366423806e-01,-2.082451850970264140e-02,-4.601889111907137564e-01,2.482372785293500417e-01,8.409426066447964199e-02,1.462705554508734407e+00
1.663682177969243725e-01,1.397399363068195510e-02,-4.977045986208133987e-01,2.518466226716605250e-01,8.391538871918703679e-02,1.480129957702904342e+00
1.658015948952232810e-01,5.101760429367757643e-02,-5.368330363987814380e-01,2.547788151561455328e-01,8.362157790597367357e-02,1.497804536478716031e+00
1.650934810024112520e-01,9.022779410319597959e-02,-5.772439049614239703e-01,2.567765960864272778e-01,8.318958990983171820e-02,1.515738057239269798e+00
1.642195186305046295e-01,1.315191401013281192e-01,-6.185746423334532729e-01,2.575575125991768077e-01,8.259555001470408886e-02,1.533939233185447115e+00
1.631547488359642306e-01,1.748006361280029231e-01,-6.604347713607224835e-01,2.568169517100251098e-01,8.181498236323328510e-02,1.552416690864353743e+00
1.618735790171933475e-01,2.199768911756569967e-01,-7.024106039724539174e-01,2.542316345937277733e-01,8.082278088107956726e-02,1.571178973701167214e+00
1.603496873652110744e-01,2.669489733072518134e-01,-7.440698073890117392e-01,2.494632878696002587e-01,7.959311881311798009e-02,1.590234584391154948e+00
1.585558749690856861e-01,3.156146975343163685e-01,-7.849653967271503774e-01,2.421622591825578208e-01,7.809930758742823775e-02,1.609592064848495596e+00
1.564638833145269303e-01,3.658682102872714004e-01,-8.246388592573552501e-01,2.319709331090534510e-01,7.631362232611384189e-02,1.629260110029988828e+00
1.540441997619369785e-01,4.175987879581923856e-01,-8.626222806833200307e-01,2.185269048028379568e-01,7.420711608912365642e-02,1.649247710638763076e+00
1.512658763538912987e-01,4.706888309114412028e-01,-8.984394980698970912e-01,2.014659593211723110e-01,7.174944767379158594e-02,1.669564319370886674e+00
1.480963880698364377e-01,5.250110902833891036e-01,-9.316064230368750199e-01,1.804249672768919177e-01,6.890874858218036525e-02,1.690220035626954997e+00
1.445015554705901539e-01,5.804252111215344456e-01,-9.616307518231769214e-01,1.550448338332831022e-01,6.565155366142219617e-02,1.711225803965430003e+00
1.404455532701583964e-01,6.367737144611453903e-01,-9.880113065012005036e-01,1.249736267954057872e-01,6.194281664130892734e-02,1.732593621510692738e+00
1.358910199154633458e-01,6.938775774212513348e-01,-1.010237241414805309e+00,8.986996390313677086e-02,5.774602554175859576e-02,1.754336748610217489e+00
1.307992723539268543e-01,7.515316088586165844e-01,-1.027787310418160960e+00,4.940666474626815435e-02,5.302342235177201490e-02,1.776469914950321138e+00
1.251306130230708247e-01,8.094998612891451950e-01,-1.040129332451062094e+00,3.274575111120538173e-03,4.773631474786257933e-02,1.799009509930325157e+00
1.188446908861620355e-01,8.675113675104477728e-01,-1.046719922216453158e+00,-4.881364212788628920e-02,4.184544316949735665e-02,1.821973741387059365e+00
1.119008438729944127e-01,9.252565390771855247e-01,-1.047004474732285306e+00,-1.071200766213800115e-01,3.531133316899116165e-02,1.845382741003033678e+00
1.042583066548519177e-01,9.823846067416480698e-01,-1.040417313572003399e+00,-1.718789441331077528e-01,2.809452092408463997e-02,1.869258588409714594e+00
9.587611789176350707e-02,1.038502511548088147e+00,-1.026381843372008884e+00,-2.432953010483631939e-01,2.015549173248596532e-02,1.893625219784528246e+00
8.671251019156475670e-02,1.093175662188225150e+00,-1.004310508878503594e+00,-3.215456799889923611e-01,1.145412238586304005e-02,1.918508181278838043e+00
7.672352101547233461e-02,1.145930959979146957e+00,-9.736043974760473230e-01,-4.067811789208476414e-01,1.948375458154414167e-03,1.943934183031610585e+00
6.586052948735338086e-02,1.196262476917660633e+00,-9.336525105980969519e-01,-4.991333353947778884e-01,-8.408037452159986685e-03,1.969930404564233628e+00
5.406640180565899095e-02,1.243640211365034887e+00,-8.838312231120609708e-01,-5.987226658865674178e-01,-1.966932611597991404e-02,1.996523493037233088e+00
4.126990175187567750e-02,1.287522561645689789e+00,-8.235055280990536408e-01,-7.056688824643342350e-01,-3.190295082510662128e-02,2.023738173621607572e+00
2.737795333244995646e-02,1.327373777878354533e+00,-7.520358357205755295e-01,-8.201002215458341738e-01,-4.519699857214599936e-02,2.051595340606120477e+00
1.226515147810325335e-02,1.362689066228998547e+00,-6.687982562411772802e-01,-9.421565050265924279e-01,-5.967017354426371045e-02,2.080109393779533633e+00
-4.240538596715994618e-03,1.393032825697022137e+00,-5.732339041786509437e-01,-1.071975620952022368e+00,-7.548540061912270560e-02,2.109284391008437343e+00
-2.237790280781891405e-02,1.418100392269876941e+00,-4.649556331252292507e-01,-1.209644919958882570e+00,-9.286894419216865093e-02,2.139108264447488139e+00
-4.248204084803668817e-02,1.437820566686899282e+00,-3.439588240113228834e-01,-1.355087464655170715e+00,-1.121384759469875453e-01,2.169543894758993563e+00
-6.502800189004219467e-02,1.452520679516406954e+00,-2.109958708242720971e-01,-1.507844525695567706e+00,-1.337444675281840301e-01,2.200515486325165249e+00
-9.068417054462009352e-02,1.463159063815377525e+00,-6.813567861134167680e-02,-1.666738328772297884e+00,-1.583206719165208554e-01,2.231889553607568022e+00
-1.203153587071213032e-01,1.471543954981533009e+00,8.067500349586040342e-02,-1.829521900208959551e+00,-1.866862305517955622e-01,2.263455556677365532e+00
-1.547130627027720473e-01,1.480267676700335988e+00,2.296813237075526204e-01,-1.992890155338421732e+00,-2.195874917374015800e-01,2.294928616842023761e+00
-1.937524502219923062e-01,1.492022536597431337e+00,3.727974400373571529e-01,-2.153307712802922769e+00,-2.568958556793178305e-01,2.326018535270151233e+00
-2.355176154411567913e-01,1.508627087537450340e+00,5.057726002562927814e-01,-2.308247303532633854e+00,-2.967817226095258443e-01,2.356568056878440842e+00
-2.769758228278905721e-01,1.530826100554598002e+00,6.267136265126613814e-01,-2.456523852720987833e+00,-3.363642990159628754e-01,2.386632644751746746e+00
-3.157561742682704620e-01,1.558848403445966646e+00,7.349392429545682504e-01,-2.597681677876678918e+00,-3.734015960448789362e-01,2.416402572083195643e+00
-3.508625670784625283e-01,1.592759742810399670e+00,8.301644617065936371e-01,-2.731510474825488810e+00,-4.069599091890185316e-01,2.446077474565593768e+00
-3.822413871968163845e-01,1.632481712469292523e+00,9.123448406657915788e-01,-2.857902194928099160e+00,-4.369980027560118607e-01,2.475809777524712096e+00
-4.102228266454843175e-01,1.677769920151051419e+00,9.816421700590065580e-01,-2.976793696794704847e+00,-4.638357081397326831e-01,2.505706336815054058e+00
-4.352122269159561796e-01,1.728234892042675330e+00,1.038356384547880484e+00,-3.088118488157788999e+00,-4.878616900457830585e-01,2.535845233192376202e+00
-4.575731890473159758e-01,1.783381068664367186e+00,1.082861156430069860e+00,-3.191779946837176141e+00,-5.094234099431802498e-01,2.566288920724286715e+00
-4.776008876774885392e-01,1.842644770672696941e+00,1.115565286130314471e+00,-3.287649260871722046e+00,-5.288024367949176741e-01,2.597091254551786133e+00
-4.955289265978166657e-01,1.905426820259338960e+00,1.136895971522071003e+00,-3.375579960083936459e+00,-5.462213262943669267e-01,2.628300210508693890e+00
-5.115452650806974200e-01,1.971120429025676302e+00,1.147294015254323396e+00,-3.455429767983532408e+00,-5.618589319352248479e-01,2.659958246743233445e+00
-5.258077556154379106e-01,2.039135111045760507e+00,1.147213300327235341e+00,-3.527082939333875178e+00,-5.758652480433814613e-01,2.692101684896178071e+00
-5.384560770100673688e-01,2.108916619616783450e+00,1.137120240497450085e+00,-3.590468866998205222e+00,-5.883727850739720600e-01,2.724759972622996518e+00
-5.496194512678073130e-01,2.179962482287766345e+00,1.117491440246673795e+00,-3.645574815255733903e+00,-5.995039275344640206e-01,2.757955294716029293e+00
-5.594206628821702942e-01,2.251832748405895757e+00,1.088809353664978552e+00,-3.692452181655648591e+00,-6.093747816415001628e-01,2.791702703646046224e+00
-5.679773479417846715e-01,2.324155873655055160e+00,1.051556575944609273e+00,-3.731216796587831563e+00,-6.180964352724117594e-01,2.826010735928525808e+00
-5.754015877072289342e-01,2.396630029170534026e+00,1.006209803406542314e+00,-3.762044504254943966e+00,-6.257746108802582086e-01,2.860882367415774841e+00
-5.817986885672359332e-01,2.469020390072584892e+00,9.532346637315501914e-01,-3.785163692510960853e+00,-6.325085448876707206e-01,2.896316126190418672e+00
-5.872657808671664093e-01,2.541153062214925651e+00,8.930826923098301728e-01,-3.800846626577981890e+00,-6.383896903845909243e-01,2.932307201946943831e+00
-5.918906161636252605e-01,2.612906240644308653e+00,8.261918091150810550e-01,-3.809401476044718571e+00,-6.435006008773695996e-01,2.968848438186684646e+00
-5.957507418850118697e-01,2.684198990059028844e+00,7.529917845742497562e-01,-3.811166882118455224e+00,-6.479141635334879634e-01,3.005931146362475825e+00
-5.989131058244769878e-01,2.754977752552799419e+00,6.739163645411858639e-01,-3.806510837526078106e+00,-6.516932309125355038e-01,3.043545726866687673e+00
-6.014340893732147419e-01,2.825200409905987531e+00,5.894238357337782119e-01,-3.795835515739848898e+00,-6.548906494698996106e-01,3.081682116813311278e+00
-6.033599759934619167e-01,2.894817610877640224e+00,5.000275244437081268e-01,-3.779589317054771413e+00,-6.575496899061611389e-01,3.120330111125629191e+00
-6.047279122737808654e-01,2.963751389999748298e+00,4.063363511855053734e-01,-3.758286388821638457e+00,-6.597049320647392356e-01,3.159479625946643555e+00
-6.055674836558005980e-01,3.031872267078922878e+00,3.091020204106004199e-01,-3.732531542847834949e+00,-6.613837184268153147e-01,3.199120994138599183e+00
-6.059030490931740509e-01,3.098978431266946387e+00,2.092626310600504691e-01,-3.703044138105998861e+00,-6.626083131321679476e-01,3.239245395475334632e+00
-6.057568638148067564e-01,3.164784079858838250e+00,1.079630278447656772e-01,-3.670668439339182409e+00,-6.633987999660894141e-01,3.279845507060745735e+00
-6.051526731938839943e-01,3.228926580117040146e+00,6.525331314611151901e-03,-3.636353459981366498e+00,-6.637764346786675373e-01,3.320916376304357875e+00
-6.041189352962565984e-01,3.290999736560691336e+00,-9.365002806635910892e-02,-3.601089411243473482e+00,-6.637666793516239228e-01,3.362456352298532458e+00
-6.026904937429222731e-01,3.350609774079536862e+00,-1.912429516704573784e-01,-3.565806352518772648e+00,-6.634008277097412920e-01,3.404467732146765790e+00
-6.009079038024687236e-01,3.407435926747746979e+00,-2.851819014608629743e-01,-3.531266275303706959e+00,-6.627154704663309470e-01,3.446956760936194630e+00
-5.988147301184107985e-01,3.461271572617268699e+00,-3.747557399397070665e-01,-3.497990481905639104e+00,-6.617500734112217176e-01,3.489932881297717504e+00
-5.964541374129408435e-01,3.512032582624891042e+00,-4.596331437705037382e-01,-3.466245731687331411e+00,-6.605438726935236593e-01,3.533407502230768493e+00
-5.938661438121797254e-01,3.559737788663892566e+00,-5.398039184918973499e-01,-3.436080764599850568e+00,-6.591333498525001611e-01,3.577392734711862143e+00
-5.910861636033201139e-01,3.604476743714353226e+00,-6.154847842274144831e-01,-3.407386452950809108e+00,-6.575508740699380628e-01,3.621900423766694743e+00
-5.881447147581564394e-01,3.646378241559098843e+00,-6.870273752852572580e-01,-3.379955401467550580e+00,-6.558244080679985766e-01,3.666941571330254224e+00
-5.850678475724400140e-01,3.685586157772529514e+00,-7.548469811392430895e-01,-3.353528801160372552e+00,-6.539778767466521980e-01,3.712526080946277673e+00
-5.818778832347910601e-01,3.722243558522907669e+00,-8.193748756316152626e-01,-3.327828348409759940e+00,-6.520318235788105099e-01,3.758662706496734174e+00
-5.785942041320982776e-01,3.756483440188484124e+00,-8.810297869745282728e-01,-3.302575821523022093e+00,-6.500041180697532228e-01,3.805359105016882459e+00
-5.752339732915703330e-01,3.788423967514098489e+00,-9.402025827288438276e-01,-3.277503979826673408e+00,-6.479106012003877924e-01,3.852621928897516757e+00
-5.718127434876890680e-01,3.818166453666259841e+00,-9.972492230048924933e-01,-3.252361913169736773e+00,-6.457656318875137913e-01,3.900456922249135872e+00
-5.683449571393031086e-01,3.845794872419214805e+00,-1.052488525115236939e+00,-3.226917065441917476e+00,-6.435825348198888074e-01,3.948869005099249652e+00
-5.648443536645053609e-01,3.871376148113231608e+00,-1.106202541752355772e+00,-3.200955371796080140e+00,-6.413739644183498179e-01,3.997862339541169430e+00
-5.613243042341506950e-01,3.894960784089339434e+00,-1.158638235377658532e+00,-3.174280392117260874e+00,-6.391522027879759094e-01,4.047440377114240206e+00
-5.577980920678639043e-01,3.916583589001051635e+00,-1.210009693024431954e+00,-3.146711963232012632e+00,-6.369294079716659729e-01,4.097605888958474551e+00
-5.542791530247334064e-01,3.936264379048349138e+00,-1.260500464873686166e+00,-3.118084672072219732e+00,-6.347178257705740068e-01,4.148360981113615509e+00
-5.507812877057409739e-01,3.954008602512896875e+00,-1.310265807372263058e+00,-3.088246322198920701e+00,-6.325299752081833260e-01,4.199707097533607048e+00
-5.473188530751835756e-01,3.969807871364908980e+00,-1.359434723074773199e+00,-3.057056492115416635e+00,-6.303788148215505593e-01,4.251645013386977645e+00
-5.439069387535504507e-01,3.983640406018468472e+00,-1.408111750251133998e+00,-3.024385243383146182e+00,-6.282778944026272683e-01,4.304174821230857262e+00
-5.405615304805265753e-01,3.995471411306205312e+00,-1.456378487176799297e+00,-2.990112016020160191e+00,-6.262414944537538775e-01,4.357295912799073356e+00
-5.372996605660577130e-01,4.005253409007544896e+00,-1.504294851719679027e+00,-2.954124739812109102e+00,-6.242847532669224542e-01,4.411006959505947123e+00
-5.341395421803291077e-01,4.012926557446124143e+00,-1.551900083862936208e+00,-2.916319188131116125e+00,-6.224237789617362848e-01,4.465305895393218094e+00
-5.311006808054473671e-01,4.018418993259599503e+00,-1.599213501537940063e+00,-2.876598602719758091e+00,-6.206757407859337938e-01,4.520189907190010459e+00
-5.282039518052401572e-01,4.021647235212332028e+00,-1.646235021159242473e+00,-2.834873621822326939e+00,-6.190589302581338549e-01,4.575655437464389408e+00
-5.254716276090215521e-01,4.022516695164417122e+00,-1.692945455095409724e+00,-2.791062548743510341e+00,-6.175927780983638815e-01,4.631698208559994256e+00
-5.229273312662224837e-01,4.020922346953036630e+00,-1.739306599936724984e+00,-2.745092002286999566e+00,-6.162978071935460989e-01,4.688313277145804037e+00
-5.205958850916380110e-01,4.016749609554787881e+00,-1.785261132459381450e+00,-2.696897993428528650e+00,-6.151954950680733614e-01,4.745495131717627935e+00
-5.185030140829544054e-01,4.009875505661797845e+00,-1.830732335041030279e+00,-2.646427472656317725e+00,-6.143080117274144492e-01,4.803237848127372089e+00
-5.166748545935833103e-01,4.000170159447491436e+00,-1.875623679155650203e+00,-2.593640388011249964e+00,-6.136577910256331148e-01,4.861535320858532572e+00
-5.151372110622676193e-01,3.987498696034649459e+00,-1.919818304402560516e+00,-2.538512283015999405e+00,-6.132668872882642841e-01,4.920381589732395256e+00
-5.139145002632224957e-01,3.971723597710711928e+00,-1.963178440849654205e+00,-2.481037444255502766e+00,-6.131560661746545682e-01,4.979771282090727169e+00
-5.130283277180154311e-01,3.952707555592952282e+00,-2.005544833283235739e+00,-2.421232578375352773e+00,-6.133435831869002985e-01,5.039700187930150399e+00
-5.124956599384620226e-01,3.930316827581163075e+00,-2.046736235540372206e+00,-2.359140956480693774e+00,-6.138436192951569614e-01,5.100165978294533886e+00
-5.123265946048548569e-01,3.904425072190478296e+00,-2.086549049002059952e+00,-2.294836910813800923e+00,-6.146643755005121168e-01,5.161169063741199103e+00
-5.125217922872489229e-01,3.874917573368768409e+00,-2.124757178585577666e+00,-2.228430507469129296e+00,-6.158058798541533596e-01,5.222713568729441036e+00
-5.130697162456538951e-01,3.841695707312781316e+00,-2.161112169352508605e+00,-2.160072156993477321e+00,-6.172576301057808301e-01,5.284808369764315117e+00
-5.139439202404125773e-01,3.804681437082046536e+00,-2.195343665496432450e+00,-2.089956873568099116e+00,-6.189962735705110131e-01,5.347468113303859738e+00
-5.151007052959692967e-01,3.763821568010502272e+00,-2.227160201821232643e+00,-2.018327867868527026e+00,-6.209835938138241751e-01,5.410714100733723164e+00
-5.164775023106339402e-01,3.719091473110305301e+00,-2.256250300106358964e+00,-1.945479173366012837e+00,-6.231651039283764293e-01,5.474574912353286749e+00
-5.179922952821387483e-01,3.670498017522490830e+00,-2.282283806412816585e+00,-1.871757069981916821e+00,-6.254695107540756416e-01,5.539086651254317317e+00
-5.195442625681229165e-01,3.618081480379071291e+00,-2.304913379177086163e+00,-1.797560180307417710e+00,-6.278091988309242311e-01,5.604292728169877336e+00
-5.210155957446001018e-01,3.561916382037427109e+00,-2.323776028886393341e+00,-1.723338254521116220e+00,-6.300816993096972629e-01,5.670243177669112455e+00
-5.222742084324405454e-01,3.502111249296693707e+00,-2.338494620770359411e+00,-1.649589799533334400e+00,-6.321719002266358300e-01,5.736993580863706477e+00
-5.231768435137604811e-01,3.438807455735282570e+00,-2.348679279796515029e+00,-1.576858808557696445e+00,-6.339545813802049956e-01,5.804603748215884096e+00
-5.235719897008509482e-01,3.372177325113268509e+00,-2.353928676887044880e+00,-1.505730876804261875e+00,-6.352967729175957867e-01,5.873136366333936209e+00
-5.233020516386217569e-01,3.302421662141966863e+00,-2.353831221184048417e+00,-1.436828929191319881e+00,-6.360594625583468886e-01,5.942655822392496567e+00
-5.222043565069730553e-01,3.229766774837420584e+00,-2.347966230492431805e+00,-1.370808638651998423e+00,-6.360982917823256866e-01,6.013227390645417003e+00
-5.201107648896010627e-01,3.154460892173014397e+00,-2.335905193221866405e+00,-1.308353402538895649e+00,-6.352630367859112281e-01,6.084916910675064017e+00
-5.168458193467712070e-01,3.076769689933440244e+00,-2.317213254362904706e+00,-1.250168516719110556e+00,-6.333958108760200378e-01,6.157791024109118716e+00
-5.122234650475757656e-01,2.996970457392792664e+00,-2.291451026558383841e+00,-1.196974013011893989e+00,-6.303280123658810963e-01,6.231917979819634468e+00
-5.060423974654714163e-01,2.915344317127556817e+00,-2.258176704613007235e+00,-1.149495597332942820e+00,-6.258760620034837796e-01,6.307368973827491843e+00
-4.980800445105090235e-01,2.832165903386096861e+00,-2.216948204683327539e+00,-1.108453342502605299e+00,-6.198359357153980786e-01,6.384219957886791086e+00
-4.880851070767124322e-01,2.747690056052039420e+00,-2.167324630167102306e+00,-1.074548328111727402e+00,-6.119764292036167230e-01,6.462553821705736112e+00
-4.757685132838911923e-01,2.662135410949787229e+00,-2.108865795878940297e+00,-1.048448288516603988e+00,-6.020310347561738107e-01,6.542462813095038854e+00
-4.607926627708622824e-01,2.575665216119014556e+00,-2.041127888802907631e+00,-1.030774419823939247e+00,-5.896883353943688233e-01,6.624050984351329774e+00
-4.427590655439435086e-01,2.488366151620819533e+00,-1.963652731264186269e+00,-1.022092561167692093e+00,-5.745810353200695442e-01,6.707436304016548334e+00
-4.211951044884447160e-01,2.400226188302915453e+00,-1.875947681836539926e+00,-1.022912669552278553e+00,-5.562743239192221578e-01,6.792751791103869508e+00
-3.955419765593602421e-01,2.311112404805899967e+00,-1.777453049912538940e+00,-1.033700557893643790e+00,-5.342554938418732080e-01,6.880144526758624757e+00
-3.651483606484134947e-01,2.220749121162585382e+00,-1.667493992032590633e+00,-1.054905170886686561e+00,-5.079290248267189778e-01,6.969770571435319084e+00
-3.292786263909465161e-01,2.128695843129263743e+00,-1.545214108676321141e+00,-1.087003407297578494e+00,-4.766252417014116838e-01,7.061782605755131392e+00
-2.871508718273306782e-01,2.034323733755617702e+00,-1.409488414169167703e+00,-1.130562943457106062e+00,-4.396365084610512342e-01,7.156305715430169911e+00
-2.380278974444486884e-01,1.936789254764743173e+00,-1.258814655826360651e+00,-1.186321641879101829e+00,-3.963018469297375779e-01,7.253396098464921060e+00
-1.813886569966999540e-01,1.835005198248452540e+00,-1.091186327838508552e+00,-1.255278883906616239e+00,-3.461643906109557189e-01,7.352980082959359009e+00
-1.171971298644651771e-01,1.727614852867507267e+00,-9.039648978512493382e-01,-1.338785724642760799e+00,-2.892154350895650428e-01,7.454781006110764885e+00
-4.624566599020779600e-02,1.612993070061022882e+00,-6.938157156969593231e-01,-1.438593543789195461e+00,-2.262011337101084707e-01,7.558261901474129907e+00
2.950786439034631947e-02,1.489360775604231524e+00,-4.569340416971788832e-01,-1.556724232721746981e+00,-1.589141881056981287e-01,7.662633012880993633e+00
1.066869736281873537e-01,1.355302174679198890e+00,-1.903120343716296348e-01,-1.694701674168648031e+00,-9.039494229603130260e-02,7.766966298959994575e+00
1.803037936811608677e-01,1.211426082880745936e+00,1.040001794598660600e-01,-1.850924690047801358e+00,-2.505917469532101260e-02,7.870415006489191789e+00
2.439992301710396383e-01,1.063673809469360521e+00,4.101733840025627575e-01,-2.015227389119149670e+00,3.156691796342102341e-02,7.972535421471753203e+00
2.928502528372756708e-01,9.234502710410422699e-01,6.977886586701734783e-01,-2.168302078902424768e+00,7.531253146607311266e-02,8.073677139469563002e+00
3.276572857826534624e-01,7.976858066984594542e-01,9.475266577919293498e-01,-2.297696957381313076e+00,1.069880168333971759e-01,8.174822235858373531e+00
3.525250941091371826e-01,6.850597959877222642e-01,1.161548605169225201e+00,-2.404370972050599242e+00,1.301915531057431241e-01,8.276758906351599165e+00
3.707825899251536717e-01,5.821948191783996585e-01,1.347670802172498572e+00,-2.492876835064716357e+00,1.478036019867770001e-01,8.379869644955590502e+00
3.844781304868745142e-01,4.863862180740251562e-01,1.512205362522043517e+00,-2.566895336276984629e+00,1.615854604732401001e-01,8.484326809268543101e+00
3.948453828148982825e-01,3.957439936812264247e-01,1.659509664376695115e+00,-2.628940227765421245e+00,1.725933857889645762e-01,8.590218015279019070e+00
4.026495062285828652e-01,3.089514091175871169e-01,1.792572592696225486e+00,-2.680714699611950635e+00,1.814803658113883778e-01,8.697596886474507016e+00
4.083794726685485710e-01,2.250735120283748614e-01,1.913498058408889868e+00,-2.723409800540782300e+00,1.886626073152890271e-01,8.806502986231173224e+00
4.123534425895395983e-01,1.434368893965560776e-01,2.023817739695403795e+00,-2.757900238946485061e+00,1.944103281236098935e-01,8.916969962476999356e+00
4.147787151780703563e-01,6.355620475040475725e-02,2.124688724603726708e+00,-2.784870262244636407e+00,1.988991765395872191e-01,9.029028940617999766e+00
4.157874857503728316e-01,-1.491187105841601523e-02,2.217021023716083672e+00,-2.804895958618395468e+00,2.022407457150550703e-01,9.142709859040500930e+00
4.154591827354188194e-01,-9.219934019636813471e-02,2.301561945070128790e+00,-2.818499371529774589e+00,2.045015365426401110e-01,9.258041863855027032e+00
4.138349939811084566e-01,-1.684493249129483117e-01,2.378952703136714586e+00,-2.826182873841672549e+00,2.057152518635854410e-01,9.375053276449101247e+00
4.109275855847120407e-01,-2.437344495937875388e-01,2.449766108290677202e+00,-2.828448623519080218e+00,2.058910580395656720e-01,9.493771400734781096e+00
4.067276592604793795e-01,-3.180733877903459961e-01,2.514530722406493446e+00,-2.825806347722451317e+00,2.050192829454506871e-01,9.614222321671249460e+00
4.012082775649061794e-01,-3.914464858158168137e-01,2.573745123011969671e+00,-2.818772235897886613e+00,2.030754012494301042e-01,9.736430775563185591e+00
3.943275142949533296e-01,-4.638105105392285044e-01,2.627885066215847498e+00,-2.807861696027775356e+00,2.000228315606958629e-01,9.860420112359014055e+00
3.860298037731706433e-01,-5.351121026123819568e-01,2.677405870542687971e+00,-2.793578691753586529e+00,1.958149002359277080e-01,9.986212310731286124e+00
3.762462773932849780e-01,-6.052993934763123418e-01,2.722741972150772405e+00,-2.776404101723101370e+00,1.903962342438058897e-01,1.011382794822713116e+01
3.648943360596629271e-01,-6.743313715235732531e-01,2.764305203672330347e+00,-2.756785000855568324e+00,1.837037818099951092e-01,1.024328597419986409e+01
3.518766867490041306e-01,-7.421848374072286258e-01,2.802482914079115872e+00,-2.735126071162618633e+00,1.756675968557362966e-01,1.037460308517613150e+01
3.370800644437002558e-01,-8.088590549423463338e-01,2.837636621610664545e+00,-2.711783670244720224e+00,1.662114512315373271e-01,1.050779246349355134e+01
3.203738767524850761e-01,-8.743784026287289013e-01,2.870101529034483789e+00,-2.687062551788632625e+00,1.552532638618610850e-01,1.064286161650806228e+01
3.016090696405827054e-01,-9.387934258704123680e-01,2.900186961937579522e+00,-2.661214911262954619e+00,1.427052828499482118e-01,1.077980905884021112e+01
2.806176526584013842e-01,-1.002180678725218765e+00,2.928177619615288663e+00,-2.634441325190902461e+00,1.284739712504807119e-01,1.091861963753270715e+01
2.572135873384946425e-01,-1.064641637827294485e+00,2.954335436351349209e+00,-2.606893227627816945e+00,1.124596970845313515e-01,1.105925844305088113e+01
2.311961891779564515e-01,-1.126300780068522966e+00,2.978901810504727798e+00,-2.578676771606718265e+00,9.455669289857523974e-02,1.120166351760414969e+01
2.023578697655038783e-01,-1.187302643913827449e+00,3.002099941951791973e+00,-2.549858205974954828e+00,7.465439374765442393e-02,1.134573800726659876e+01
1.704989362405527342e-01,-1.247807352014923099e+00,3.024137004899519976e+00,-2.520471210572731824e+00,5.264217812397556373e-02,1.149134304260229911e+01
1.354530645501207942e-01,-1.307983712712649904e+00,3.045205868418986661e+00,-2.490526905828732929e+00,2.842055179127843390e-02,1.163829349532453961e+01
9.712733103200138496e-02,-1.367998807062352329e+00,3.065486084987423698e+00,-2.460027338537009722e+00,1.922438401046437650e-03,1.178635980507015191e+01
5.555892405639152598e-02,-1.428003286428951357e+00,3.085143966726967779e+00,-2.428982828433041252e+00,-2.685254199615260198e-02,1.193528004854779390e+01
1.098465047643980980e-02,-1.488113073196088321e+00,3.104331875936899188e+00,-2.397432131015328149e+00,-5.779171542136480461e-02,1.208478655867077123e+01
-3.609264625261180554e-02,-1.548391279622638006e+00,3.123187460607371957e+00,-2.365461541110437604e+00,-9.062004409336883726e-02,1.223464908587700073e+01
-8.487189240343415153e-02,-1.608838193965732355e+00,3.141834304626978547e+00,-2.333215557222531711e+00,-1.248682370134595043e-01,1.238472978102930533e+01
-1.342931588156456579e-01,-1.669398736000118566e+00,3.160385662490035497e+00,-2.300890593644474347e+00,-1.598849793856632062e-01,1.253503452500351223e+01
-1.831651846564864017e-01,-1.729991091484771371e+00,3.178951728827407397e+00,-2.268708642459999592e+00,-1.949086569002670133e-01,1.268573699288542578e+01
-2.303492227249897273e-01,-1.790547669550127896e+00,3.197648483196362079e+00,-2.236879319691158940e+00,-2.291824181916438108e-01,1.283715765918259777e+01
-2.749270905140257515e-01,-1.851050203274888784e+00,3.216604651718298236e+00,-2.205567314006801727e+00,-2.620669832097205498e-01,1.298970229899766871e+01
-3.162905205498528494e-01,-1.911544866448525060e+00,3.235964541895314017e+00,-2.174878731950938171e+00,-2.931075023694793003e-01,1.314378685195653240e+01
-3.541394283178586622e-01,-1.972136636915907237e+00,3.255887250695368884e+00,-2.144867613575277776e+00,-3.220420943297909178e-01,1.329977810736490440e+01
-3.884205081315702524e-01,-2.032971873637395177e+00,3.276544385153868255e+00,-2.115554581188837879e+00,-3.487696666305091231e-01,1.345796389089492706e+01
-4.192471362869053531e-01,-2.094218742719068160e+00,3.298118188677531926e+00,-2.086948462959802075e+00,-3.733031420740710593e-01,1.361854942401524937e+01
-4.468276947573445734e-01,-2.156050884701683934e+00,3.320800920298544234e+00,-2.059065356376327482e+00,-3.957264988946718187e-01,1.378166917186093876e+01
-4.714125055603391456e-01,-2.218635694732941310e+00,3.344795519240872483e+00,-2.031943287874101500e+00,-4.161631710667362261e-01,1.394740443577205546e+01
-4.932591560491263460e-01,-2.282126540314642238e+00,3.370317243171259580e+00,-2.005652628650886893e+00,-4.347561385307056603e-01,1.411580075271615620e+01
-5.126120541060326108e-01,-2.346657716151609563e+00,3.397595922477389951e+00,-1.980303065137769547e+00,-4.516569232691297620e-01,1.428688245223114350e+01
-5.296916935760143108e-01,-2.412341107499159421e+00,3.426878532121638177e+00,-1.956047946377059032e+00,-4.670200764928538195e-01,1.446066365617166483e+01
-5.446900556672868987e-01,-2.479263886869829125e+00,3.458431845492181633e+00,-1.933086715756076046e+00,-4.810002345427517589e-01,1.463715590277312373e+01
-5.577696798466258432e-01,-2.547486894234774368e+00,3.492544968094435376e+00,-1.911666031250924380e+00,-4.937497241152067340e-01,1.481637292073802570e+01
-5.690648087767939955e-01,-2.617043600499513456e+00,3.529531552023348784e+00,-1.892080050671694602e+00,-5.054156741776596462e-01,1.499833319229553474e+01
-5.786835935224753369e-01,-2.687939741300868768e+00,3.569731477318872859e+00,-1.874670133587148513e+00,-5.161364326676930459e-01,1.518306096636995406e+01
-5.867107048758465337e-01,-2.760153855699931658e+00,3.613511773122804804e+00,-1.859823882221828706e+00,-5.260376383755679397e-01,1.537058634963956294e+01
-5.932099160195192233e-01,-2.833639081706077256e+00,3.661266565522911964e+00,-1.847973095796988208e+00,-5.352285043722573299e-01,1.556094501972053123e+01
-5.982263579076843030e-01,-2.908326637651625912e+00,3.713415910104374440e+00,-1.839589985564189512e+00,-5.437987926130345429e-01,1.575417798602744668e+01
-6.017882294800499521e-01,-2.984131429292480320e+00,3.770403526208778278e+00,-1.835181016149382227e+00,-5.518167457052681746e-01,1.595033169926835903e+01
-6.039077795220291200e-01,-3.060960136729974135e+00,3.832693720315284214e+00,-1.835278065037642792e+00,-5.593280399131136393e-01,1.614945870858873889e+01
-6.045813689668114721e-01,-3.138721934886294029e+00,3.900768172370837839e+00,-1.840427206718231679e+00,-5.663557220843217221e-01,1.635161899923667406e+01
-6.037883748055012934e-01,-3.217341700833618034e+00,3.975123733879072141e+00,-1.851176226582982531e+00,-5.729011008989005616e-01,1.655688210722480136e+01
-6.014886106833793322e-01,-3.296775224908099045e+00,4.056272885381949855e+00,-1.868062767510042965e+00,-5.789456156440540013e-01,1.676533008371319866e+01
-5.976178076087638180e-01,-3.377025687081491867e+00,4.144748936600327838e+00,-1.891605579301707696e+00,-5.844536816415198954e-01,1.697706136025896839e+01
-5.920804988299912530e-01,-3.458160632489003738e+00,4.241118359558677220e+00,-1.922301495773134139e+00,-5.893762572057398286e-01,1.719219556750406142e+01
-5.847393432807884706e-01,-3.540329009562266815e+00,4.346002845665645431e+00,-1.960630512044670093e+00,-5.936542782806542018e-01,1.741087946008267906e+01
-5.753994305419309896e-01,-3.623778582611045795e+00,4.460113942298146839e+00,-2.007070967556503494e+00,-5.972202120953452598e-01,1.763329443287497256e+01
-5.637853112975420578e-01,-3.708875180466490118e+00,4.584303794688888267e+00,-2.062126872442870518e+00,-5.999950911469392745e-01,1.785966683315530901e+01
-5.495071544256560081e-01,-3.796126751285986423e+00,4.719637085872796511e+00,-2.126370344092411102e+00,-6.018779373041057701e-01,1.809028350896719317e+01
-5.320101135570531881e-01,-3.886217093140626577e+00,4.867492324786232949e+00,-2.200504220865572513e+00,-6.027246621120437853e-01,1.832551692040149049e+01
-5.104969907115337602e-01,-3.980056586093571269e+00,5.029705766475142781e+00,-2.285453273415762432e+00,-6.023139644041003438e-01,1.856586698273189739e+01
-4.838077274309513509e-01,-4.078860349004075125e+00,5.208778430857784691e+00,-2.382496880985666365e+00,-6.002977822234581984e-01,1.881203122837201747e+01
-4.502301080631380126e-01,-4.184266650417857392e+00,5.408172077667387612e+00,-2.493459376652950255e+00,-5.961337144604214044e-01,1.906502123520156644e+01
-4.072112853671830401e-01,-4.298501102119955952e+00,5.632700835108412463e+00,-2.620962685276082560e+00,-5.890005432348507375e-01,1.932634766027108597e+01
-3.509845376540879913e-01,-4.424530096494608600e+00,5.888871480014923776e+00,-2.768651268694350520e+00,-5.777237318765182650e-01,1.959827022398269492e+01
-2.764481483390183181e-01,-4.565828921442530053e+00,6.184253096832948771e+00,-2.940821779305821337e+00,-5.608580876448996388e-01,1.988390821887858806e+01
-1.791340692668627610e-01,-4.724120989489411393e+00,6.521921238127426967e+00,-3.139015609708776022e+00,-5.375158915460549469e-01,2.018607375721673236e+01
-6.457089517074147966e-02,-4.891351043869830661e+00,6.881231840109507836e+00,-3.350214375414037882e+00,-5.101740146106605867e-01,2.050159118654662649e+01
4.148329105144518691e-02,-5.045246799808905003e+00,7.208094664691425457e+00,-3.540992681871998560e+00,-4.862528615779551644e-01,2.081505091080518355e+01
1.218686153529361521e-01,-5.176414501643453292e+00,7.479680427599207704e+00,-3.697090870527636852e+00,-4.689670437737574749e-01,2.111589868355692090e+01
1.811028655981385960e-01,-5.291055288540318813e+00,7.709582102511109980e+00,-3.826516877386621385e+00,-4.559576479738052246e-01,2.140698605392686815e+01
2.258625014218470506e-01,-5.394934149233411524e+00,7.910406521060641793e+00,-3.936847466753274016e+00,-4.451199553913405826e-01,2.169283553569685807e+01
2.605739978802986689e-01,-5.491641967866075724e+00,8.089837936383604600e+00,-4.032702164885538565e+00,-4.353523155890972607e-01,2.197655315400141163e+01
2.880042733950820555e-01,-5.583457865110880824e+00,8.252601950852909596e+00,-4.116864328798222950e+00,-4.261554594752620662e-01,2.226007512439367986e+01
3.099285006330400605e-01,-5.671911254907826105e+00,8.401757854309087392e+00,-4.191061452425960177e+00,-4.173348789506186041e-01,2.254459908988566141e+01
3.275237929168827722e-01,-5.758069478396066643e+00,8.539390168921141111e+00,-4.256412208409018127e+00,-4.088337196294549725e-01,2.283087336584517857e+01
3.415902808589376671e-01,-5.842682626239247945e+00,8.666994673785076486e+00,-4.313701524856517366e+00,-4.006434325581138545e-01,2.311937310745506835e+01
3.526795027201218291e-01,-5.926255817877236431e+00,8.785711323724568089e+00,-4.363567203764256774e+00,-3.927586733574792710e-01,2.341040736363564179e+01
3.611733403787381058e-01,-6.009085321523558676e+00,8.896475019430953424e+00,-4.406634240728891427e+00,-3.851593975820257199e-01,2.370418585455725236e+01
3.673362056319258162e-01,-6.091279986003015345e+00,9.000116192452470187e+00,-4.443607751441978060e+00,-3.778123587596355915e-01,2.400086154031053098e+01
3.713526742116587398e-01,-6.172782112218532902e+00,9.097424577654070532e+00,-4.475322598136481922e+00,-3.706858863245696134e-01,2.430055672016427337e+01
3.733567374530199490e-01,-6.253396168195850535e+00,9.189181778371123599e+00,-4.502746013716491191e+00,-3.637675924238146785e-01,2.460337659162168578e+01
3.734547788787274669e-01,-6.332827638238691215e+00,9.276167028986561647e+00,-4.526937502483155740e+00,-3.570717938034201899e-01,2.490941416650160534e+01
3.717421078319951833e-01,-6.410728687560673045e+00,9.359142715540164303e+00,-4.548981316909504358e+00,-3.506288957237170822e-01,2.521875129788179137e+01
3.683126178101616688e-01,-6.486744125803182826e+00,9.438828553886276396e+00,-4.569912309328719502e+00,-3.444597598768454616e-01,2.553145960862739372e+01
3.632619121951161656e-01,-6.560551166655755218e+00,9.515873681045238897e+00,-4.590653383760422201e+00,-3.385454896368897404e-01,2.584760276079671826e+01
3.566847361511644166e-01,-6.631888812173889924e+00,9.590833968905501550e+00,-4.611975601767070110e+00,-3.328051001368467765e-01,2.616723972042942137e+01
3.486677644784622054e-01,-6.700575635336689651e+00,9.664158705090418522e+00,-4.634483710008513668e+00,-3.270944332981516323e-01,2.649042806832786567e+01
3.392800141085117738e-01,-6.766516809409500510e+00,9.736187752587273536e+00,-4.658621523556836230e+00,-3.212391275675685054e-01,2.681722651045654970e+01
3.285660798222887480e-01,-6.829701773678842791e+00,9.807158151909865396e+00,-4.684684827946727026e+00,-3.151029033599437867e-01,2.714769655501501333e+01
3.165494459036468644e-01,-6.890193552683445688e+00,9.877217822220636378e+00,-4.712829582390320127e+00,-3.086638009214096035e-01,2.748190504746030527e+01
3.032491286412961062e-01,-6.948111227686471381e+00,9.946443168914525401e+00,-4.743074273321671086e+00,-3.020470788133463591e-01,2.781992991755960531e+01
2.887032145225533752e-01,-7.003609131467296578e+00,1.001485710021584019e+01,-4.775308239459832294e+00,-2.954826333087380852e-01,2.816186811773120979e+01
2.729871401161736988e-01,-7.056857787457289533e+00,1.008244470857644082e+01,-4.809316645724104333e+00,-2.892081829644484459e-01,2.850784027077498450e+01
2.562182448352261499e-01,-7.108030359516982699e+00,1.014916549649331756e+01,-4.844819798700410018e+00,-2.833683187753331389e-01,2.885798720789622962e+01
2.385441953873838339e-01,-7.157295874068795527e+00,1.021496255245996032e+01,-4.881517095988991528e+00,-2.779456489590814705e-01,2.921245755726528870e+01
2.201156995342281320e-01,-7.204818783822425132e+00,1.027976994519984899e+01,-4.919128523780719853e+00,-2.727431233165070745e-01,2.957138778888387876e+01
2.010488226624984609e-01,-7.250762882098390705e+00,1.034351970206405191e+01,-4.957428728879633262e+00,-2.674386652514464391e-01,2.993487858971511528e+01
1.813956117083208863e-01,-7.295294676291283587e+00,1.040614864060546729e+01,-4.996263627729042867e+00,-2.617258018348661563e-01,3.030297870911300251e+01
1.611532128530997476e-01,-7.338579255307836391e+00,1.046760298710149151e+01,-5.035536008774696981e+00,-2.554959142407174921e-01,3.067569498715642595e+01
1.403234400299299967e-01,-7.380766319904893180e+00,1.052783754313906073e+01,-5.075161724885734138e+00,-2.489414149004017529e-01,3.105303731063461470e+01
1.189875009611957857e-01,-7.421974544846848154e+00,1.058680925537512962e+01,-5.115025213942645976e+00,-2.424841065162932630e-01,3.143507432832388915e+01
9.734024785261657930e-02,-7.462286077063401635e+00,1.064446992868271735e+01,-5.154965281028187185e+00,-2.365729817175375727e-01,3.182195807575882895e+01
7.566223029735447136e-02,-7.501754680081019089e+00,1.070076357881372608e+01,-5.194793813652939463e+00,-2.314818100100630160e-01,3.221390211279168625e+01
5.424793586481519575e-02,-7.540422516465330460e+00,1.075563068613307038e+01,-5.234330694267627315e+00,-2.271967168527384007e-01,3.261113084276276197e+01
3.332180635815708281e-02,-7.578338694870914161e+00,1.080901828369765916e+01,-5.273441029304298588e+00,-2.234285673776878201e-01,3.301382358601799893e+01
1.297937723718367922e-02,-7.615572145135410587e+00,1.086089144567557874e+01,-5.312062482860474333e+00,-2.197712742268669306e-01,3.342207294131893036e+01
-6.803049059946005006e-03,-7.652209991386572874e+00,1.091123775272037477e+01,-5.350201353206852417e+00,-2.159739793089750504e-01,3.383588003204080508e+01
-2.607952558851307084e-02,-7.688339175497372224e+00,1.096005809264715936e+01,-5.387883942354108058e+00,-2.121564280136911118e-01,3.425520113059813099e+01
-4.483348113218060815e-02,-7.724025555479819616e+00,1.100734999115335988e+01,-5.425093645552006905e+00,-2.087655243400621252e-01,3.468001929128387673e+01
-6.295003233931653619e-02,-7.759308667580429919e+00,1.105309863796210479e+01,-5.461745947626549302e+00,-2.063066360699657431e-01,3.511038502339008716e+01
-8.026557152483203283e-02,-7.794213021250198992e+00,1.109728164358407199e+01,-5.497711198943239452e+00,-2.050752338373522665e-01,3.554640699908934209e+01
-9.664200761754378199e-02,-7.828764925280224496e+00,1.113988213922736747e+01,-5.532859140643718199e+00,-2.050260031703271257e-01,3.598821940739092184e+01
-1.120278012356844544e-01,-7.863007087361906677e+00,1.118090385374507889e+01,-5.567107120515207619e+00,-2.058022490005392835e-01,3.643594801840813346e+01
-1.264811054814622970e-01,-7.897005595042084103e+00,1.122038159099719934e+01,-5.600455995407828347e+00,-2.069513374853517995e-01,3.688967835398247530e+01
-1.401280848056243311e-01,-7.930842655649446016e+00,1.125837765676211077e+01,-5.632978164753668970e+00,-2.082645893992346176e-01,3.734943469653208581e+01
-1.530754698858404483e-01,-7.964598371170562352e+00,1.129496410583441346e+01,-5.664746985460229922e+00,-2.099553562622718805e-01,3.781519309368333381e+01
-1.653560376771312790e-01,-7.998338769861708109e+00,1.133020810626972086e+01,-5.695770222653520953e+00,-2.124837504270207789e-01,3.828692524512285189e+01
-1.769422287041939323e-01,-8.032118569421102805e+00,1.136417239291996495e+01,-5.725982539999670884e+00,-2.162278530798838194e-01,3.876463549350606286e+01
-1.877936521283484206e-01,-8.065991787235004651e+00,1.139692606687878040e+01,-5.755285772659306076e+00,-2.212384362721663555e-01,3.924837739428970451e+01
-1.979077853802082843e-01,-8.100023688121313015e+00,1.142855928510750019e+01,-5.783618665404876680e+00,-2.271611213581191668e-01,3.973825791869188606e+01
-2.073512921621268323e-01,-8.134298903272085823e+00,1.145919529748138821e+01,-5.811033250964442232e+00,-2.334482124802108038e-01,4.023441412248434546e+01
-2.162356620734387225e-01,-8.168916998118413986e+00,1.148898732456716942e+01,-5.837697029647426206e+00,-2.398412309225087524e-01,4.073694458062350776e+01
-2.246490775102855109e-01,-8.203977557112393626e+00,1.151810037894067484e+01,-5.863780363545470387e+00,-2.466278515434504326e-01,4.124585674603475383e+01
-2.326194695223052500e-01,-8.239571657924784631e+00,1.154669922499291879e+01,-5.889347364056144229e+00,-2.543651331964840168e-01,4.176109660184101102e+01
-2.401319821795682430e-01,-8.275785439000221899e+00,1.157495189181294037e+01,-5.914347515532455191e+00,-2.634125760490074741e-01,4.228261912018722057e+01
-2.471709123656800067e-01,-8.312709390862091041e+00,1.160304204211581514e+01,-5.938700901038864721e+00,-2.735984470246812794e-01,4.281045953682777849e+01
-2.537611410679412871e-01,-8.350447779507751633e+00,1.163118313420865135e+01,-5.962454795618538306e+00,-2.842656617566085564e-01,4.334477709951007540e+01
-2.599715955950382407e-01,-8.389119757877837813e+00,1.165962189143923489e+01,-5.985877762124776069e+00,-2.949135556050591078e-01,4.388577585980674201e+01
-2.658660151461123555e-01,-8.428849011208285447e+00,1.168862481873295245e+01,-6.009308829477997271e+00,-3.057963612324710589e-01,4.443353170761809423e+01
-2.714645240362804079e-01,-8.469755875304498360e+00,1.171846680841405863e+01,-6.032923960200299085e+00,-3.176528050384537227e-01,4.498795614221491945e+01
-2.767532998598522531e-01,-8.511959751474458713e+00,1.174943417491613928e+01,-6.056683189803705680e+00,-3.309813020408509110e-01,4.554891448443058266e+01
-2.817178759545164168e-01,-8.555586297571370125e+00,1.178183526837411321e+01,-6.080488066280929083e+00,-3.455039308266983356e-01,4.611639311058015522e+01
-2.863729266029725884e-01,-8.600773448738536331e+00,1.181601013117481003e+01,-6.104488693219810358e+00,-3.603271858370902248e-01,4.669061704762241760e+01
-2.907556211473883989e-01,-8.647670133981254281e+00,1.185232937933165687e+01,-6.129199580997062746e+00,-3.750264082683354427e-01,4.727188061599337487e+01
-2.948879712237885142e-01,-8.696430038335964952e+00,1.189118489910662646e+01,-6.155129743146158461e+00,-3.902643419434956296e-01,4.786022121159491149e+01
-2.987632230012314261e-01,-8.747210485481760500e+00,1.193298712162768460e+01,-6.182416299317843311e+00,-4.070253249902283654e-01,4.845541371045005263e+01
-3.023625514385795965e-01,-8.800175870725659877e+00,1.197816800211350774e+01,-6.210881245461911782e+00,-4.255345498874292809e-01,4.905723562507920832e+01
-3.056756995667500032e-01,-8.855499781311552354e+00,1.202718053161832223e+01,-6.240490691766826359e+00,-4.448667789935241701e-01,4.966579559877358463e+01
-3.087035325977230960e-01,-8.913362432613311626e+00,1.208048914818121133e+01,-6.271825889569369927e+00,-4.640632356733368491e-01,5.028153894754954223e+01
-3.114395332558781981e-01,-8.973945420144028517e+00,1.213855390926029365e+01,-6.305712728883634988e+00,-4.836121224349588243e-01,5.090467982356658894e+01
-3.138618058984037340e-01,-9.037427009026579583e+00,1.220181105416456369e+01,-6.342409925552654926e+00,-5.048789919595940701e-01,5.153492588371037897e+01
-3.159419083444539034e-01,-9.103973284765965346e+00,1.227063887020569766e+01,-6.381477591332120447e+00,-5.284363084777072839e-01,5.217184576982563016e+01
-3.176494892313317941e-01,-9.173719718077176566e+00,1.234529859029934862e+01,-6.422471629513027302e+00,-5.532254866717353226e-01,5.281546449148801514e+01
-3.189429990607853815e-01,-9.246743644869619416e+00,1.242585208702487876e+01,-6.465796668402891356e+00,-5.779495181000456894e-01,5.346639473599053360e+01
-3.197656079427002584e-01,-9.323034792064527565e+00,1.251207019576800938e+01,-6.512115387482942275e+00,-6.032651484020218335e-01,5.412493312047600114e+01
-3.200608816188570405e-01,-9.402465035689960615e+00,1.260333504869686294e+01,-6.560886178311966965e+00,-6.309966615749278418e-01,5.479057052785115900e+01
-3.197834689697862665e-01,-9.484760411588807116e+00,1.269855367609902252e+01,-6.610194681001314798e+00,-6.616765880539935418e-01,5.546264576636045973e+01
-3.188853542151353082e-01,-9.569496106315172668e+00,1.279614466557481300e+01,-6.658178491549559652e+00,-6.936453186288548123e-01,5.614131541263106584e+01
-3.172943819619928885e-01,-9.656135993548492280e+00,1.289415513640332200e+01,-6.704375346340976982e+00,-7.256000850258987889e-01,5.682741648967829917e+01
-3.149374156713258821e-01,-9.744105733155041804e+00,1.299047188665964292e+01,-6.748357650374488870e+00,-7.590446843472474781e-01,5.752093758034700954e+01
-3.117798418776182579e-01,-9.832863555134329303e+00,1.308303481126966439e+01,-6.787858917173669404e+00,-7.961006867370230555e-01,5.822084201943337689e+01
-3.078128608867670701e-01,-9.921951813118552010e+00,1.317001234057694603e+01,-6.819681711751509390e+00,-8.362515549905438217e-01,5.892649932276795255e+01
-3.029875597809214560e-01,-1.001102501095277475e+01,1.324991984859044258e+01,-6.842607770133013467e+00,-8.769171149168267787e-01,5.963871091231541754e+01
-2.971937872080158138e-01,-1.009983453788049879e+01,1.332161457894376255e+01,-6.857725997601803236e+00,-9.179778165949148416e-01,6.035819570488330754e+01
